Waste bin,Filling level (0%),Filling level (12.5%),Filling level (37.5%),Filling level (62.5%),Filling level (87.5%),Overflowing bin
1859,0,1,0,0,0,0
1859,0,0,0,1,0,0
1859,0,1,0,0,0,0
1859,0,1,0,0,0,0
1859,0,1,0,0,0,0
1859,0,1,0,0,0,0
1859,0,1,0,0,0,0
1859,0,1,0,0,0,0
1859,0,1,0,0,0,0
1859,0,0,1,0,0,1
1859,0,0,1,0,0,0
1859,0,1,0,0,0,0
1859,0,1,0,0,0,0
1859,0,1,0,0,0,0
1859,0,1,0,0,0,1
1859,0,1,0,0,0,0
1859,0,1,0,0,0,0
1859,0,0,0,1,0,0
1859,0,1,0,0,0,0
1859,0,1,0,0,0,0
1859,1,0,0,0,0,0
1859,0,1,0,0,0,0
1860,0,0,1,0,0,0
1860,0,0,1,0,0,0
1860,0,0,1,0,0,0
1860,0,1,0,0,0,0
1860,0,0,0,1,0,0
1860,0,1,0,0,0,0
1860,0,0,0,1,0,0
1860,0,0,0,1,0,0
1860,0,1,0,0,0,0
1860,0,0,1,0,0,0
1860,0,1,0,0,0,0
1860,0,0,1,0,0,0
1860,0,1,0,0,0,0
1860,0,0,1,0,0,0
1860,0,1,0,0,0,0
1860,0,0,1,0,0,0
1860,0,1,0,0,0,0
1860,0,0,0,1,0,0
1860,0,1,0,0,0,0
1860,0,1,0,0,0,0
1860,1,0,0,0,0,0
1860,0,1,0,0,0,0
1861,0,1,0,0,0,0
1861,0,0,0,0,1,0
1861,0,1,0,0,0,0
1861,0,0,0,1,0,0
1861,0,1,0,0,0,0
1861,0,0,1,0,0,0
1861,0,1,0,0,0,0
1861,0,1,0,0,0,0
1861,0,0,1,0,0,0
1861,0,1,0,0,0,0
1861,0,1,0,0,0,0
1861,0,1,0,0,0,0
1861,0,1,0,0,0,0
1861,0,1,0,0,0,0
1861,0,1,0,0,0,0
1861,0,0,1,0,0,0
1861,0,1,0,0,0,0
1861,0,0,0,0,1,0
1861,0,0,0,1,0,0
1861,0,1,0,0,0,0
1861,1,0,0,0,0,0
1861,0,1,0,0,0,0
1862,0,0,1,0,0,0
1862,0,0,1,0,0,0
1862,0,1,0,0,0,0
1862,0,0,1,0,0,0
1862,0,1,0,0,0,0
1862,0,0,1,0,0,0
1862,0,1,0,0,0,0
1862,0,1,0,0,0,0
1862,0,1,0,0,0,0
1862,0,1,0,0,0,0
1862,0,1,0,0,0,0
1862,0,1,0,0,0,0
1862,0,1,0,0,0,0
1862,0,0,0,1,0,0
1862,0,1,0,0,0,0
1862,0,0,1,0,0,0
1862,0,1,0,0,0,0
1862,0,0,0,0,1,0
1862,0,1,0,0,0,0
1862,0,0,1,0,0,0
1862,1,0,0,0,0,0
1862,0,1,0,0,0,0
1863,0,1,0,0,0,0
1863,0,0,0,1,0,0
1863,0,0,1,0,0,0
1863,0,0,0,1,0,0
1863,0,1,0,0,0,0
1863,0,0,1,0,0,0
1863,0,1,0,0,0,0
1863,0,0,1,0,0,0
1863,0,0,1,0,0,0
1863,0,1,0,0,0,0
1863,0,0,0,1,0,0
1863,0,1,0,0,0,0
1863,0,0,1,0,0,0
1863,0,1,0,0,0,0
1863,0,1,0,0,0,0
1863,0,0,0,1,0,0
1863,0,1,0,0,0,0
1863,0,0,0,1,0,0
1863,0,0,1,0,0,0
1863,0,0,1,0,0,0
1863,1,0,0,0,0,0
1863,0,1,0,0,0,0
1864,0,1,0,0,0,0
1864,0,0,0,0,1,0
1864,0,1,0,0,0,0
1864,0,0,1,0,0,0
1864,0,1,0,0,0,0
1864,0,1,0,0,0,0
1864,0,0,0,1,0,0
1864,0,1,0,0,0,0
1864,0,1,0,0,0,0
1864,0,0,1,0,0,0
1864,0,1,0,0,0,0
1864,0,1,0,0,0,0
1864,0,1,0,0,0,0
1864,0,0,0,1,0,0
1864,0,1,0,0,0,0
1864,0,0,0,1,0,0
1864,0,1,0,0,0,0
1864,0,0,0,0,1,0
1864,0,1,0,0,0,0
1864,0,0,1,0,0,0
1864,1,0,0,0,0,0
1864,0,1,0,0,0,0
1865,0,1,0,0,0,0
1865,0,0,0,1,0,0
1865,0,1,0,0,0,0
1865,0,0,1,0,0,0
1865,0,0,0,1,0,0
1865,0,1,0,0,0,0
1865,0,1,0,0,0,1
1865,0,1,0,0,0,0
1865,0,1,0,0,0,0
1865,0,0,1,0,0,0
1865,0,1,0,0,0,0
1865,0,1,0,0,0,0
1865,0,1,0,0,0,0
1865,0,1,0,0,0,0
1865,0,1,0,0,0,0
1865,0,1,0,0,0,0
1865,0,1,0,0,0,0
1865,0,0,0,1,0,0
1865,0,1,0,0,0,0
1865,0,1,0,0,0,0
1865,1,0,0,0,0,0
1865,0,0,0,1,0,0
1866,0,0,0,1,0,0
1866,0,0,1,0,0,0
1866,0,1,0,0,0,0
1866,0,1,0,0,0,0
1866,0,0,0,1,0,0
1866,0,1,0,0,0,0
1866,0,1,0,0,0,0
1866,0,1,0,0,0,0
1866,0,1,0,0,0,0
1866,0,0,0,1,0,0
1866,0,1,0,0,0,0
1866,0,1,0,0,0,0
1866,0,1,0,0,0,0
1866,0,1,0,0,0,0
1866,0,0,1,0,0,0
1866,0,1,0,0,0,0
1866,0,1,0,0,0,0
1866,0,1,0,0,0,0
1866,0,1,0,0,0,0
1866,1,0,0,0,0,0
1867,0,0,1,0,0,0
1867,0,1,0,0,0,0
1867,0,0,1,0,0,0
1867,0,1,0,0,0,0
1867,0,1,0,0,0,0
1867,0,0,1,0,0,0
1867,0,1,0,0,0,0
1867,0,1,0,0,0,0
1867,0,1,0,0,0,0
1867,0,1,0,0,0,0
1867,0,1,0,0,0,0
1867,0,0,1,0,0,0
1867,0,1,0,0,0,0
1867,0,0,1,0,0,0
1867,0,1,0,0,0,0
1867,0,1,0,0,0,0
1867,0,1,0,0,0,0
1867,0,1,0,0,0,0
1867,0,1,0,0,0,0
1867,1,0,0,0,0,0
1868,0,0,1,0,0,0
1868,0,0,1,0,0,0
1868,0,1,0,0,0,0
1868,0,1,0,0,0,0
1868,0,1,0,0,0,0
1868,0,0,1,0,0,0
1868,0,1,0,0,0,0
1868,0,0,0,1,0,0
1868,0,1,0,0,0,0
1868,0,0,0,1,0,0
1868,0,1,0,0,0,0
1868,0,1,0,0,0,0
1868,0,1,0,0,0,0
1868,0,1,0,0,0,0
1868,0,1,0,0,0,0
1868,0,0,0,1,0,0
1868,0,0,1,0,0,0
1868,0,1,0,0,0,0
1868,0,0,1,0,0,0
1868,1,0,0,0,0,0
1868,0,1,0,0,0,0
1869,0,0,1,0,0,0
1869,0,1,0,0,0,0
1869,0,0,1,0,0,0
1869,0,0,1,0,0,0
1869,0,1,0,0,0,0
1869,1,0,0,0,0,0
1869,0,0,1,0,0,0
1869,0,1,0,0,0,0
1869,0,1,0,0,0,0
1869,0,1,0,0,0,0
1869,0,0,1,0,0,0
1869,0,0,0,1,0,0
1869,0,1,0,0,0,0
1869,0,0,1,0,0,0
1869,0,0,0,1,0,0
1869,0,1,0,0,0,0
1869,0,1,0,0,0,0
1869,0,0,0,0,1,0
1869,0,0,1,0,0,0
1869,0,0,1,0,0,0
1869,0,1,0,0,0,0
1869,0,1,0,0,0,0
1869,0,1,0,0,0,0
1870,0,1,0,0,0,0
1870,0,1,0,0,0,0
1870,0,0,0,0,1,0
1870,0,0,1,0,0,0
1870,0,0,0,1,0,0
1870,1,0,0,0,0,0
1870,0,0,0,1,0,0
1870,0,0,1,0,0,0
1870,0,1,0,0,0,0
1870,0,1,0,0,0,0
1870,0,1,0,0,0,0
1870,0,1,0,0,0,0
1870,0,1,0,0,0,0
1870,0,0,0,1,0,0
1870,0,0,0,1,0,0
1870,0,1,0,0,0,0
1870,0,1,0,0,0,0
1870,0,0,0,0,1,0
1870,0,1,0,0,0,0
1870,0,0,0,0,1,0
1870,0,0,0,1,0,0
1870,0,0,0,1,0,0
1870,0,1,0,0,0,0
1871,0,0,1,0,0,0
1871,0,1,0,0,0,0
1871,0,1,0,0,0,0
1871,0,1,0,0,0,0
1871,0,1,0,0,0,0
1871,1,0,0,0,0,0
1871,0,1,0,0,0,0
1871,0,1,0,0,0,0
1871,0,1,0,0,0,0
1871,0,1,0,0,0,0
1871,0,0,1,0,0,1
1871,0,1,0,0,0,0
1871,0,1,0,0,0,0
1871,0,1,0,0,0,0
1871,0,0,0,0,1,1
1871,0,1,0,0,0,0
1871,0,1,0,0,0,0
1871,0,1,0,0,0,0
1871,0,1,0,0,0,0
1871,0,1,0,0,0,0
1872,0,1,0,0,0,0
1872,0,1,0,0,0,0
1872,0,1,0,0,0,0
1872,0,0,1,0,0,0
1872,0,1,0,0,0,0
1872,1,0,0,0,0,0
1872,0,1,0,0,0,0
1872,0,1,0,0,0,0
1872,0,1,0,0,0,0
1872,0,1,0,0,0,0
1872,0,0,1,0,0,0
1872,0,0,0,1,0,0
1872,0,1,0,0,0,0
1872,0,1,0,0,0,0
1872,0,1,0,0,0,0
1872,0,1,0,0,0,0
1872,0,0,1,0,0,0
1872,0,0,0,0,1,1
1872,0,0,1,0,0,0
1872,0,1,0,0,0,0
1872,0,0,0,1,0,0
1872,0,1,0,0,0,0
1872,0,1,0,0,0,0
1873,0,0,1,0,0,0
1873,0,1,0,0,0,0
1873,0,0,0,1,0,0
1873,0,1,0,0,0,0
1873,0,1,0,0,0,0
1873,1,0,0,0,0,0
1873,0,0,1,0,0,0
1873,0,1,0,0,0,0
1873,0,1,0,0,0,0
1873,0,1,0,0,0,0
1873,0,0,1,0,0,0
1873,0,1,0,0,0,0
1873,0,1,0,0,0,0
1873,0,1,0,0,0,0
1873,0,0,0,1,0,0
1873,0,1,0,0,0,0
1873,0,1,0,0,0,0
1873,0,0,0,0,1,0
1873,0,1,0,0,0,0
1873,0,1,0,0,0,0
1873,0,0,0,1,0,0
1873,0,1,0,0,0,0
1873,0,0,0,1,0,0
1874,0,1,0,0,0,0
1874,0,1,0,0,0,0
1874,0,0,1,0,0,0
1874,0,0,1,0,0,0
1874,0,0,1,0,0,0
1874,1,0,0,0,0,0
1874,0,1,0,0,0,1
1874,0,0,0,1,0,0
1874,0,1,0,0,0,0
1874,0,1,0,0,0,0
1874,0,0,0,1,0,0
1874,0,0,1,0,0,0
1874,0,0,0,1,0,0
1874,0,1,0,0,0,0
1874,0,0,0,1,0,0
1874,0,1,0,0,0,0
1874,0,0,0,1,0,0
1874,0,0,0,0,1,0
1874,0,1,0,0,0,0
1874,0,0,0,1,0,0
1874,0,1,0,0,0,0
1874,0,0,0,1,0,0
1874,0,1,0,0,0,0
1875,0,0,1,0,0,0
1875,0,1,0,0,0,0
1875,0,1,0,0,0,0
1875,0,1,0,0,0,0
1875,0,1,0,0,0,0
1875,0,0,1,0,0,0
1875,0,1,0,0,0,0
1875,0,1,0,0,0,0
1875,0,1,0,0,0,0
1875,0,0,1,0,0,0
1875,0,1,0,0,0,0
1875,0,1,0,0,0,0
1875,0,1,0,0,0,0
1875,0,0,1,0,0,0
1875,0,1,0,0,0,0
1875,0,1,0,0,0,0
1875,0,0,0,0,1,0
1875,0,1,0,0,0,0
1875,0,1,0,0,0,0
1875,1,0,0,0,0,0
1875,0,0,1,0,0,0
1877,0,1,0,0,0,0
1877,0,0,0,1,0,0
1877,0,1,0,0,0,0
1877,0,1,0,0,0,0
1877,0,1,0,0,0,0
1877,0,0,1,0,0,0
1877,0,1,0,0,0,0
1877,0,1,0,0,0,0
1877,0,1,0,0,0,0
1877,0,0,1,0,0,0
1877,0,1,0,0,0,0
1877,0,0,1,0,0,0
1877,0,0,1,0,0,0
1877,0,1,0,0,0,0
1877,0,1,0,0,0,0
1877,1,0,0,0,0,0
1878,0,1,0,0,0,0
1878,0,0,1,0,0,0
1878,0,1,0,0,0,0
1878,0,1,0,0,0,0
1878,0,1,0,0,0,0
1878,0,1,0,0,0,0
1878,0,1,0,0,0,0
1878,0,1,0,0,0,0
1878,0,1,0,0,0,0
1878,0,1,0,0,0,0
1878,0,1,0,0,0,1
1878,0,0,1,0,0,0
1878,0,0,0,1,0,0
1878,0,1,0,0,0,0
1878,0,1,0,0,0,0
1878,1,0,0,0,0,0
1879,0,0,1,0,0,0
1879,0,0,1,0,0,0
1879,0,1,0,0,0,0
1879,0,1,0,0,0,0
1879,0,1,0,0,0,0
1879,0,1,0,0,0,0
1879,0,1,0,0,0,0
1879,0,1,0,0,0,0
1879,0,1,0,0,0,0
1879,0,0,1,0,0,0
1879,0,1,0,0,0,0
1879,0,1,0,0,0,0
1879,0,1,0,0,0,0
1879,0,1,0,0,0,0
1879,0,1,0,0,0,0
1879,0,1,0,0,0,0
1879,0,0,0,0,1,0
1879,0,1,0,0,0,0
1879,0,1,0,0,0,0
1879,1,0,0,0,0,0
1879,0,1,0,0,0,0
1880,0,0,1,0,0,0
1880,0,1,0,0,0,0
1880,0,1,0,0,0,0
1880,0,0,0,1,0,0
1880,0,1,0,0,0,0
1880,0,1,0,0,0,0
1880,0,0,1,0,0,0
1880,0,1,0,0,0,0
1880,0,1,0,0,0,0
1880,0,0,0,1,0,0
1880,0,1,0,0,0,0
1880,0,0,1,0,0,0
1880,0,0,0,1,0,0
1880,0,1,0,0,0,0
1880,0,1,0,0,0,0
1880,0,0,1,0,0,0
1880,0,0,1,0,0,0
1880,0,1,0,0,0,0
1880,0,1,0,0,0,0
1880,1,0,0,0,0,0
1880,0,0,1,0,0,0
1881,0,1,0,0,0,0
1881,0,0,1,0,0,0
1881,0,1,0,0,0,0
1881,0,0,1,0,0,0
1881,0,1,0,0,0,0
1881,0,1,0,0,0,0
1881,0,1,0,0,0,0
1881,0,1,0,0,0,0
1881,0,0,1,0,0,0
1881,0,1,0,0,0,0
1881,0,1,0,0,0,0
1881,0,1,0,0,0,0
1881,0,0,1,0,0,0
1881,0,1,0,0,0,0
1881,0,1,0,0,0,0
1881,0,1,0,0,0,0
1881,0,0,0,0,1,0
1881,0,1,0,0,0,0
1881,0,1,0,0,0,0
1881,1,0,0,0,0,0
1881,0,1,0,0,0,0
1882,0,0,1,0,0,0
1882,0,1,0,0,0,0
1882,0,0,1,0,0,0
1882,0,1,0,0,0,0
1882,0,1,0,0,0,0
1882,0,1,0,0,0,0
1882,0,1,0,0,0,0
1882,0,1,0,0,0,0
1882,0,1,0,0,0,0
1882,0,0,0,1,0,0
1882,0,0,1,0,0,0
1882,0,1,0,0,0,0
1882,0,1,0,0,0,0
1882,0,1,0,0,0,0
1882,0,1,0,0,0,0
1882,0,0,1,0,0,0
1882,0,1,0,0,0,0
1882,0,1,0,0,0,0
1882,0,1,0,0,0,0
1882,0,1,0,0,0,0
1882,1,0,0,0,0,0
1882,0,1,0,0,0,0
1883,0,1,0,0,0,0
1883,0,0,0,1,0,0
1883,0,1,0,0,0,0
1883,0,0,0,1,0,0
1883,0,1,0,0,0,0
1883,0,0,1,0,0,0
1883,0,1,0,0,0,0
1883,0,0,1,0,0,0
1883,0,1,0,0,0,0
1883,0,0,0,1,0,0
1883,0,0,1,0,0,0
1883,0,1,0,0,0,0
1883,0,0,1,0,0,0
1883,0,1,0,0,0,0
1883,0,0,0,1,0,0
1883,0,1,0,0,0,0
1883,0,0,0,1,0,0
1883,0,0,0,0,1,1
1883,0,1,0,0,0,0
1883,0,1,0,0,0,0
1883,1,0,0,0,0,0
1883,0,1,0,0,0,0
1888,0,1,0,0,0,0
1888,0,0,0,1,0,0
1888,0,1,0,0,0,0
1888,0,0,1,0,0,0
1888,0,1,0,0,0,0
1888,0,0,1,0,0,0
1888,0,1,0,0,0,0
1888,0,1,0,0,0,0
1888,0,0,1,0,0,0
1888,0,0,1,0,0,0
1888,0,1,0,0,0,0
1888,0,1,0,0,0,0
1888,0,1,0,0,0,0
1888,0,0,0,1,0,0
1888,0,1,0,0,0,0
1888,0,1,0,0,0,0
1888,0,0,0,0,1,0
1888,0,1,0,0,0,0
1888,0,0,0,1,0,0
1888,1,0,0,0,0,0
1888,0,1,0,0,0,0
1889,0,0,0,1,0,0
1889,0,0,1,0,0,0
1889,0,1,0,0,0,0
1889,0,1,0,0,0,0
1889,0,0,0,1,0,0
1889,0,1,0,0,0,0
1889,0,1,0,0,0,0
1889,0,0,0,1,0,0
1889,0,1,0,0,0,0
1889,0,0,0,1,0,0
1889,0,1,0,0,0,0
1889,0,1,0,0,0,0
1889,0,1,0,0,0,0
1889,0,0,1,0,0,0
1889,0,1,0,0,0,0
1889,0,1,0,0,0,0
1889,0,1,0,0,0,0
1889,0,0,0,0,1,0
1889,0,1,0,0,0,0
1889,0,0,1,0,0,0
1889,1,0,0,0,0,0
1889,0,1,0,0,0,0
1891,0,0,1,0,0,0
1891,0,0,0,0,1,0
1891,0,1,0,0,0,0
1891,0,0,0,1,0,0
1891,0,1,0,0,0,0
1891,0,0,0,1,0,0
1891,0,1,0,0,0,0
1891,0,0,0,1,0,0
1891,0,1,0,0,0,0
1891,0,0,0,1,0,0
1891,0,1,0,0,0,0
1891,0,0,0,1,0,0
1891,0,1,0,0,0,0
1891,0,1,0,0,0,0
1891,0,0,0,1,0,0
1891,0,1,0,0,0,0
1891,0,1,0,0,0,0
1891,0,0,0,0,1,1
1891,0,1,0,0,0,0
1891,0,0,0,1,0,0
1891,1,0,0,0,0,0
1891,0,0,1,0,0,0
1892,0,0,1,0,0,0
1892,0,1,0,0,0,0
1892,0,1,0,0,0,0
1892,0,1,0,0,0,0
1892,0,1,0,0,0,0
1892,0,0,1,0,0,1
1892,0,1,0,0,0,0
1892,0,0,1,0,0,0
1892,0,1,0,0,0,0
1892,0,1,0,0,0,0
1892,0,1,0,0,0,0
1892,0,1,0,0,0,0
1892,0,0,0,1,0,0
1892,0,1,0,0,0,0
1892,0,1,0,0,0,0
1892,0,1,0,0,0,0
1892,0,0,0,0,1,0
1892,0,1,0,0,0,0
1892,0,1,0,0,0,0
1892,1,0,0,0,0,0
1892,0,1,0,0,0,0
1893,0,1,0,0,0,0
1893,0,0,0,0,1,0
1893,0,0,0,1,0,0
1893,0,0,0,1,0,0
1893,0,1,0,0,0,0
1893,0,0,0,1,0,0
1893,0,1,0,0,0,0
1893,0,0,0,1,0,0
1893,0,1,0,0,0,0
1893,0,1,0,0,0,0
1893,0,1,0,0,0,0
1893,0,0,1,0,0,0
1893,0,0,0,1,0,0
1893,0,1,0,0,0,0
1893,0,0,1,0,0,0
1893,0,1,0,0,0,0
1893,0,1,0,0,0,0
1893,0,0,0,0,1,0
1893,0,0,1,0,0,0
1893,0,0,0,0,1,0
1893,1,0,0,0,0,0
1893,0,1,0,0,0,0
1894,0,0,0,0,1,0
1894,0,0,0,0,1,0
1894,0,0,0,0,1,0
1894,0,0,0,0,1,0
1894,0,0,0,1,0,0
1894,0,0,0,1,0,0
1894,0,0,0,1,0,0
1894,0,0,0,1,0,0
1894,0,0,0,1,0,0
1894,0,0,0,1,0,0
1894,0,0,0,1,0,0
1894,0,1,0,0,0,0
1894,0,0,0,1,0,0
1894,0,0,0,1,0,0
1894,0,0,0,1,0,0
1894,0,0,0,1,0,0
1894,0,0,0,1,0,0
1894,0,0,0,0,1,0
1894,0,0,1,0,0,0
1894,0,0,0,0,1,0
1894,1,0,0,0,0,0
1894,0,0,1,0,0,0
1895,0,0,0,1,0,0
1895,0,0,0,0,1,1
1895,0,0,0,0,1,0
1895,0,0,0,0,1,1
1895,0,0,0,0,1,0
1895,0,0,0,1,0,0
1895,0,0,0,1,0,0
1895,0,0,0,1,0,0
1895,0,0,0,1,0,0
1895,0,0,0,1,0,0
1895,0,0,0,1,0,0
1895,0,0,0,1,0,0
1895,0,0,0,1,0,0
1895,0,0,0,1,0,0
1895,0,0,0,1,0,0
1895,0,0,0,1,0,0
1895,0,0,0,1,0,0
1895,0,0,0,0,1,1
1895,0,0,0,0,1,0
1895,0,0,0,0,1,0
1895,1,0,0,0,0,0
1895,0,0,1,0,0,0
1896,0,0,1,0,0,0
1896,0,0,1,0,0,0
1896,0,0,0,1,0,0
1896,0,1,0,0,0,0
1896,0,0,1,0,0,0
1896,0,1,0,0,0,0
1896,0,1,0,0,0,0
1896,0,1,0,0,0,0
1896,0,0,1,0,0,0
1896,0,1,0,0,0,0
1896,0,0,1,0,0,0
1896,0,1,0,0,0,0
1896,0,1,0,0,0,0
1896,0,1,0,0,0,0
1896,0,0,0,1,0,0
1896,0,1,0,0,0,0
1896,0,0,0,1,0,0
1896,0,0,1,0,0,0
1896,0,0,0,1,0,0
1896,0,0,1,0,0,0
1896,1,0,0,0,0,0
1896,0,0,1,0,0,0
1897,0,0,0,1,0,0
1897,0,0,0,0,1,0
1897,0,0,0,0,1,0
1897,0,0,0,0,1,1
1897,0,0,0,0,1,0
1897,0,0,0,1,0,0
1897,0,0,0,1,0,0
1897,0,0,1,0,0,0
1897,0,0,0,1,0,0
1897,0,0,0,1,0,0
1897,0,0,0,1,0,0
1897,0,0,0,1,0,0
1897,0,0,0,1,0,0
1897,0,0,0,1,0,0
1897,0,0,0,1,0,0
1897,0,0,0,1,0,0
1897,0,0,0,1,0,0
1897,0,0,0,0,1,0
1897,0,0,0,0,1,0
1897,0,0,0,0,1,0
1897,1,0,0,0,0,0
1897,0,0,1,0,0,0
1898,0,0,0,1,0,0
1898,0,0,1,0,0,0
1898,0,0,0,0,1,0
1898,0,0,0,1,0,0
1898,0,1,0,0,0,0
1898,0,1,0,0,0,0
1898,0,0,0,1,0,0
1898,0,1,0,0,0,0
1898,0,0,0,1,0,0
1898,0,0,1,0,0,0
1898,0,1,0,0,0,0
1898,0,0,0,1,0,0
1898,0,0,1,0,0,0
1898,0,1,0,0,0,0
1898,0,0,1,0,0,0
1898,0,0,1,0,0,0
1898,0,0,0,1,0,0
1898,0,0,0,0,1,0
1898,0,0,0,1,0,0
1898,0,0,1,0,0,0
1898,1,0,0,0,0,0
1898,0,1,0,0,0,0
1899,0,0,0,1,0,0
1899,0,0,0,0,1,0
1899,0,0,0,0,1,0
1899,0,0,0,0,1,0
1899,0,0,0,1,0,0
1899,0,0,0,1,0,0
1899,0,1,0,0,0,0
1899,0,0,0,1,0,0
1899,0,1,0,0,0,0
1899,0,0,0,1,0,0
1899,0,0,0,1,0,0
1899,0,0,0,1,0,0
1899,0,0,0,1,0,0
1899,0,0,0,1,0,0
1899,0,0,0,1,0,0
1899,0,0,0,1,0,0
1899,0,0,0,1,0,0
1899,0,0,0,0,1,0
1899,0,0,0,1,0,0
1899,0,0,0,0,1,0
1899,1,0,0,0,0,0
1899,0,1,0,0,0,0
1900,0,1,0,0,0,0
1900,0,1,0,0,0,0
1900,0,1,0,0,0,0
1900,0,0,0,0,1,0
1900,0,1,0,0,0,0
1900,0,1,0,0,0,0
1900,0,1,0,0,0,0
1900,0,1,0,0,0,0
1900,0,0,0,1,0,0
1900,0,1,0,0,0,0
1900,0,1,0,0,0,0
1900,0,1,0,0,0,0
1900,0,1,0,0,0,0
1900,0,0,1,0,0,0
1900,0,1,0,0,0,0
1900,0,1,0,0,0,0
1900,0,1,0,0,0,0
1900,0,0,1,0,0,0
1900,0,1,0,0,0,0
1900,1,0,0,0,0,0
1900,0,1,0,0,0,0
1901,0,0,1,0,0,0
1901,0,1,0,0,0,0
1901,0,0,0,0,1,0
1901,0,0,0,1,0,0
1901,0,0,1,0,0,0
1901,1,0,0,0,0,0
1901,0,0,0,1,0,0
1901,0,0,0,1,0,0
1901,0,1,0,0,0,0
1901,0,0,0,1,0,0
1901,0,0,0,1,0,0
1901,0,0,1,0,0,0
1901,0,1,0,0,0,0
1901,0,0,0,1,0,0
1901,0,0,0,1,0,0
1901,0,0,0,1,0,0
1901,0,1,0,0,0,0
1901,0,0,0,0,1,1
1901,0,0,0,0,1,0
1901,0,0,0,1,0,0
1901,0,0,1,0,0,0
1901,0,0,0,1,0,0
1901,0,0,1,0,0,0
1903,0,0,1,0,0,0
1903,0,1,0,0,0,0
1903,0,0,0,0,1,0
1903,0,0,0,1,0,0
1903,0,0,1,0,0,0
1903,1,0,0,0,0,0
1903,0,1,0,0,0,0
1903,0,0,0,1,0,0
1903,0,1,0,0,0,0
1903,0,1,0,0,0,0
1903,0,0,0,1,0,0
1903,0,0,1,0,0,0
1903,0,0,0,1,0,0
1903,0,1,0,0,0,0
1903,0,1,0,0,0,0
1903,0,1,0,0,0,0
1903,0,0,0,1,0,0
1903,0,0,1,0,0,0
1903,0,0,0,0,1,0
1903,0,0,1,0,0,0
1903,0,0,0,1,0,0
1903,0,1,0,0,0,0
1903,0,0,0,1,0,0
1905,0,1,0,0,0,0
1905,0,1,0,0,0,0
1905,0,0,1,0,0,0
1905,0,1,0,0,0,0
1905,0,1,0,0,0,0
1905,1,0,0,0,0,0
1905,0,0,1,0,0,0
1905,0,1,0,0,0,0
1905,0,1,0,0,0,0
1905,0,1,0,0,0,0
1905,0,1,0,0,0,0
1905,0,1,0,0,0,0
1905,0,0,1,0,0,0
1905,0,1,0,0,0,0
1905,0,1,0,0,0,0
1905,0,1,0,0,0,0
1905,0,1,0,0,0,0
1905,0,0,0,0,1,0
1905,0,1,0,0,0,0
1905,0,1,0,0,0,0
1905,0,1,0,0,0,0
1905,0,1,0,0,0,0
1905,0,1,0,0,0,0
1907,0,1,0,0,0,0
1907,0,1,0,0,0,0
1907,0,1,0,0,0,0
1907,0,0,1,0,0,0
1907,0,1,0,0,0,0
1907,1,0,0,0,0,0
1907,0,1,0,0,0,0
1907,0,0,1,0,0,0
1907,0,1,0,0,0,0
1907,0,1,0,0,0,0
1907,0,1,0,0,0,0
1907,0,1,0,0,0,0
1907,0,1,0,0,0,0
1907,0,1,0,0,0,0
1907,0,0,0,1,0,0
1907,0,1,0,0,0,0
1907,0,1,0,0,0,0
1907,0,0,0,0,1,0
1907,0,1,0,0,0,0
1907,0,0,1,0,0,0
1907,0,1,0,0,0,0
1907,0,1,0,0,0,0
1907,0,1,0,0,0,0
1908,0,1,0,0,0,0
1908,0,0,1,0,0,0
1908,0,1,0,0,0,0
1908,0,1,0,0,0,0
1908,0,0,1,0,0,0
1908,1,0,0,0,0,0
1908,0,1,0,0,0,0
1908,0,1,0,0,0,0
1908,0,1,0,0,0,0
1908,0,0,1,0,0,0
1908,0,1,0,0,0,0
1908,0,0,0,1,0,0
1908,0,1,0,0,0,0
1908,0,1,0,0,0,0
1908,0,0,0,0,1,1
1908,0,0,1,0,0,0
1908,0,1,0,0,0,0
1908,0,0,0,1,0,0
1908,0,1,0,0,0,0
1908,0,1,0,0,0,0
1909,0,0,0,1,0,0
1909,0,1,0,0,0,0
1909,0,0,1,0,0,0
1909,0,0,0,1,0,0
1909,0,0,0,1,0,0
1909,1,0,0,0,0,0
1909,0,0,0,1,0,0
1909,0,0,0,1,0,0
1909,0,1,0,0,0,0
1909,0,0,0,1,0,0
1909,0,0,0,1,0,1
1909,0,1,0,0,0,0
1909,0,0,0,1,0,0
1909,0,0,0,1,0,0
1909,0,0,1,0,0,0
1909,0,0,0,1,0,0
1909,0,0,0,1,0,0
1909,0,0,0,0,1,1
1909,0,1,0,0,0,0
1909,0,0,0,0,1,0
1909,0,1,0,0,0,0
1909,0,0,1,0,0,0
1909,0,0,0,1,0,0
1910,0,1,0,0,0,0
1910,0,1,0,0,0,0
1910,0,0,0,1,0,0
1910,0,1,0,0,0,0
1910,0,1,0,0,0,0
1910,1,0,0,0,0,0
1910,0,1,0,0,0,0
1910,0,0,1,0,0,0
1910,0,1,0,0,0,0
1910,0,1,0,0,0,0
1910,0,1,0,0,0,0
1910,0,1,0,0,0,0
1910,0,1,0,0,0,0
1910,0,1,0,0,0,0
1910,0,0,1,0,0,0
1910,0,1,0,0,0,0
1910,0,1,0,0,0,0
1910,0,1,0,0,0,0
1910,0,1,0,0,0,0
1910,0,1,0,0,0,0
1910,0,1,0,0,0,0
1910,0,1,0,0,0,0
1910,0,1,0,0,0,0
1911,0,0,1,0,0,0
1911,0,0,0,1,0,0
1911,0,0,0,1,0,0
1911,0,0,0,1,0,0
1911,0,1,0,0,0,0
1911,1,0,0,0,0,0
1911,0,1,0,0,0,0
1911,0,0,1,0,0,0
1911,0,0,0,1,0,0
1911,0,1,0,0,0,0
1911,0,0,0,1,0,0
1911,0,0,0,1,0,0
1911,0,1,0,0,0,0
1911,0,0,1,0,0,0
1911,0,1,0,0,0,0
1911,0,1,0,0,0,0
1911,0,0,0,1,0,0
1911,0,0,0,0,1,0
1911,0,0,0,0,1,0
1911,0,0,0,1,0,0
1911,0,1,0,0,0,0
1911,0,0,1,0,0,0
1911,0,1,0,0,0,0
1912,0,1,0,0,0,0
1912,0,0,0,1,0,0
1912,0,1,0,0,0,0
1912,0,1,0,0,0,0
1912,0,0,1,0,0,0
1912,1,0,0,0,0,0
1912,0,0,0,1,0,0
1912,0,1,0,0,0,0
1912,0,1,0,0,0,0
1912,0,0,0,1,0,0
1912,0,1,0,0,0,0
1912,0,0,1,0,0,0
1912,0,1,0,0,0,0
1912,0,0,0,1,0,0
1912,0,1,0,0,0,0
1912,0,0,1,0,0,0
1912,0,1,0,0,0,0
1912,0,0,0,1,0,0
1912,0,1,0,0,0,0
1912,0,1,0,0,0,0
1912,0,0,0,1,0,0
1912,0,1,0,0,0,1
1912,0,1,0,0,0,0
1913,0,0,0,1,0,0
1913,0,1,0,0,0,0
1913,0,1,0,0,0,0
1913,0,0,1,0,0,0
1913,0,1,0,0,0,1
1913,1,0,0,0,0,0
1913,0,1,0,0,0,0
1913,0,0,0,1,0,1
1913,0,0,1,0,0,0
1913,0,1,0,0,0,0
1913,0,0,1,0,0,1
1913,0,1,0,0,0,0
1913,0,1,0,0,0,0
1913,0,0,1,0,0,0
1913,0,0,0,1,0,0
1913,0,1,0,0,0,0
1913,0,0,1,0,0,1
1913,0,0,0,0,1,1
1913,0,1,0,0,0,0
1913,0,1,0,0,0,0
1913,0,1,0,0,0,0
1913,0,0,1,0,0,0
1913,0,1,0,0,0,0
1914,0,1,0,0,0,0
1914,0,1,0,0,0,0
1914,0,0,1,0,0,0
1914,0,1,0,0,0,0
1914,0,1,0,0,0,0
1914,1,0,0,0,0,0
1914,0,1,0,0,0,0
1914,0,1,0,0,0,0
1914,0,0,1,0,0,0
1914,0,1,0,0,0,0
1914,0,0,0,1,0,0
1914,0,1,0,0,0,0
1914,0,0,1,0,0,0
1914,0,1,0,0,0,0
1914,0,1,0,0,0,0
1914,0,0,0,1,0,0
1914,0,1,0,0,0,0
1914,0,0,0,0,1,0
1914,0,1,0,0,0,0
1914,0,0,1,0,0,0
1914,0,1,0,0,0,0
1914,0,1,0,0,0,0
1914,0,0,1,0,0,0
1915,0,1,0,0,0,0
1915,0,0,1,0,0,0
1915,0,0,1,0,0,0
1915,0,0,0,0,1,0
1915,0,1,0,0,0,0
1915,1,0,0,0,0,0
1915,0,0,0,1,0,0
1915,0,1,0,0,0,0
1915,0,1,0,0,0,0
1915,0,1,0,0,0,0
1915,0,0,1,0,0,0
1915,0,1,0,0,0,0
1915,0,0,0,1,0,0
1915,0,1,0,0,0,0
1915,0,0,0,1,0,0
1915,0,0,0,1,0,0
1915,0,1,0,0,0,0
1915,0,0,0,0,1,1
1915,0,1,0,0,0,0
1915,0,0,0,0,1,0
1915,0,1,0,0,0,0
1915,0,0,0,1,0,0
1915,0,1,0,0,0,0
1916,0,1,0,0,0,0
1916,0,0,1,0,0,0
1916,0,1,0,0,0,0
1916,0,0,0,1,0,0
1916,0,1,0,0,0,0
1916,1,0,0,0,0,0
1916,0,1,0,0,0,0
1916,0,1,0,0,0,0
1916,0,0,1,0,0,0
1916,0,1,0,0,0,0
1916,0,1,0,0,0,0
1916,0,1,0,0,0,0
1916,0,1,0,0,0,0
1916,0,0,1,0,0,0
1916,0,0,1,0,0,0
1916,0,1,0,0,0,0
1916,0,1,0,0,0,0
1916,0,0,0,0,1,0
1916,0,1,0,0,0,0
1916,0,0,1,0,0,0
1916,0,1,0,0,0,0
1916,0,1,0,0,0,0
1916,0,1,0,0,0,0
1917,0,1,0,0,0,0
1917,0,1,0,0,0,0
1917,0,0,1,0,0,0
1917,0,1,0,0,0,0
1917,0,1,0,0,0,0
1917,1,0,0,0,0,0
1917,0,0,1,0,0,0
1917,0,1,0,0,0,0
1917,0,0,1,0,0,0
1917,0,1,0,0,0,0
1917,0,1,0,0,0,0
1917,0,0,0,1,0,0
1917,0,1,0,0,0,0
1917,0,0,1,0,0,0
1917,0,1,0,0,0,0
1917,0,0,1,0,0,0
1917,0,0,1,0,0,0
1917,0,1,0,0,0,1
1917,0,1,0,0,0,0
1917,0,0,1,0,0,0
1917,0,1,0,0,0,0
1917,0,1,0,0,0,0
1917,0,0,1,0,0,0
1918,0,0,1,0,0,0
1918,0,1,0,0,0,0
1918,0,0,1,0,0,0
1918,0,1,0,0,0,0
1918,0,0,0,1,0,0
1918,1,0,0,0,0,0
1918,0,1,0,0,0,0
1918,0,0,0,1,0,0
1918,0,1,0,0,0,0
1918,0,0,0,1,0,0
1918,0,0,1,0,0,0
1918,0,1,0,0,0,0
1918,0,1,0,0,0,0
1918,0,0,0,1,0,0
1918,0,0,1,0,0,0
1918,0,1,0,0,0,0
1918,0,0,0,1,0,0
1918,0,1,0,0,0,0
1918,0,1,0,0,0,0
1918,0,0,0,1,0,0
1918,0,1,0,0,0,0
1918,0,0,0,1,0,0
1918,0,0,0,1,0,0
1919,0,1,0,0,0,0
1919,0,1,0,0,0,0
1919,0,0,0,0,1,0
1919,0,0,1,0,0,0
1919,0,1,0,0,0,0
1919,1,0,0,0,0,0
1919,0,0,1,0,0,0
1919,0,1,0,0,0,0
1919,0,1,0,0,0,1
1919,0,1,0,0,0,0
1919,0,0,1,0,0,0
1919,0,1,0,0,0,0
1919,0,1,0,0,0,0
1919,0,0,0,1,0,0
1919,0,1,0,0,0,0
1919,0,1,0,0,0,0
1919,0,0,0,1,0,0
1919,0,0,0,0,1,1
1919,0,0,0,0,1,0
1919,0,0,0,0,1,0
1919,0,1,0,0,0,0
1919,0,1,0,0,0,0
1919,0,0,0,1,0,0
1920,0,1,0,0,0,0
1920,0,1,0,0,0,0
1920,0,0,0,1,0,0
1920,0,1,0,0,0,0
1920,0,1,0,0,0,0
1920,1,0,0,0,0,0
1920,0,0,0,1,0,0
1920,0,1,0,0,0,0
1920,0,1,0,0,0,0
1920,0,1,0,0,0,0
1920,0,0,1,0,0,0
1920,0,1,0,0,0,0
1920,0,1,0,0,0,0
1920,0,1,0,0,0,0
1920,0,1,0,0,0,0
1920,0,0,1,0,0,0
1920,0,1,0,0,0,0
1920,0,0,0,0,1,1
1920,0,1,0,0,0,0
1920,0,0,1,0,0,0
1920,0,1,0,0,0,0
1920,0,1,0,0,0,0
1920,0,0,0,1,0,0
1921,0,1,0,0,0,0
1921,0,0,1,0,0,0
1921,0,0,0,1,0,0
1921,0,0,1,0,0,0
1921,0,0,1,0,0,0
1921,1,0,0,0,0,0
1921,0,1,0,0,0,0
1921,0,0,1,0,0,0
1921,0,1,0,0,0,0
1921,0,1,0,0,0,0
1921,0,1,0,0,0,0
1921,0,0,0,1,0,0
1921,0,0,0,1,0,0
1921,0,1,0,0,0,0
1921,0,0,1,0,0,0
1921,0,1,0,0,0,0
1921,0,1,0,0,0,0
1921,0,0,0,0,1,1
1921,0,1,0,0,0,0
1921,0,0,0,1,0,0
1921,0,1,0,0,0,0
1921,0,1,0,0,0,0
1921,0,0,1,0,0,1
1922,0,0,1,0,0,0
1922,0,1,0,0,0,0
1922,0,0,0,1,0,0
1922,0,1,0,0,0,0
1922,0,0,0,1,0,0
1922,1,0,0,0,0,0
1922,0,1,0,0,0,0
1922,0,0,1,0,0,0
1922,0,1,0,0,0,0
1922,0,1,0,0,0,0
1922,0,1,0,0,0,0
1922,0,0,0,1,0,0
1922,0,1,0,0,0,0
1922,0,1,0,0,0,0
1922,0,0,1,0,0,0
1922,0,1,0,0,0,0
1922,0,0,1,0,0,0
1922,0,1,0,0,0,0
1922,0,0,0,1,0,0
1922,0,1,0,0,0,0
1922,0,1,0,0,0,0
1922,0,1,0,0,0,0
1922,0,1,0,0,0,0
1923,0,0,0,1,0,0
1923,0,1,0,0,0,0
1923,0,0,0,1,0,0
1923,0,0,0,0,1,0
1923,0,0,0,1,0,0
1923,1,0,0,0,0,0
1923,0,0,0,1,0,0
1923,0,0,0,1,0,0
1923,0,1,0,0,0,0
1923,0,0,0,1,0,0
1923,0,1,0,0,0,0
1923,0,0,0,1,0,0
1923,0,1,0,0,0,0
1923,0,0,0,1,0,0
1923,0,0,1,0,0,1
1923,0,0,1,0,0,0
1923,0,1,0,0,0,0
1923,0,0,0,0,1,0
1923,0,0,0,1,0,0
1923,0,0,0,0,1,0
1923,0,0,1,0,0,0
1923,0,0,0,1,0,0
1923,0,1,0,0,0,0
1924,0,0,0,1,0,0
1924,0,1,0,0,0,0
1924,0,0,1,0,0,0
1924,0,0,1,0,0,0
1924,0,0,0,1,0,0
1924,1,0,0,0,0,0
1924,0,1,0,0,0,0
1924,0,0,0,1,0,0
1924,0,1,0,0,0,0
1924,0,0,0,1,0,0
1924,0,0,1,0,0,0
1924,0,1,0,0,0,0
1924,0,1,0,0,0,0
1924,0,0,0,1,0,0
1924,0,1,0,0,0,0
1924,0,1,0,0,0,0
1924,0,1,0,0,0,0
1924,0,0,0,0,1,0
1924,0,0,1,0,0,0
1924,0,0,0,0,1,0
1924,0,1,0,0,0,0
1924,0,1,0,0,0,0
1924,0,0,0,1,0,0
1925,0,1,0,0,0,0
1925,0,1,0,0,0,0
1925,0,0,1,0,0,0
1925,0,1,0,0,0,0
1925,0,1,0,0,0,0
1925,1,0,0,0,0,0
1925,0,1,0,0,0,0
1925,0,1,0,0,0,0
1925,0,1,0,0,0,0
1925,0,1,0,0,0,0
1925,0,0,0,1,0,0
1925,0,1,0,0,0,0
1925,0,1,0,0,0,0
1925,0,1,0,0,0,0
1925,0,0,0,1,0,0
1925,0,0,0,1,0,0
1925,0,1,0,0,0,0
1925,0,1,0,0,0,0
1925,0,1,0,0,0,0
1925,0,1,0,0,0,0
1925,0,0,1,0,0,0
1925,0,1,0,0,0,0
1926,0,0,1,0,0,0
1926,0,1,0,0,0,0
1926,0,0,1,0,0,0
1926,0,0,1,0,0,0
1926,0,0,0,1,0,0
1926,1,0,0,0,0,0
1926,0,0,0,1,0,0
1926,0,1,0,0,0,0
1926,0,1,0,0,0,0
1926,0,0,0,1,0,0
1926,0,1,0,0,0,0
1926,0,0,0,1,0,0
1926,0,0,0,1,0,0
1926,0,1,0,0,0,0
1926,0,0,0,1,0,0
1926,0,0,1,0,0,0
1926,0,1,0,0,0,0
1926,0,0,0,0,1,0
1926,0,0,1,0,0,0
1926,0,1,0,0,0,0
1926,0,1,0,0,0,0
1926,0,0,0,1,0,0
1927,0,1,0,0,0,0
1927,0,1,0,0,0,0
1927,0,1,0,0,0,0
1927,0,0,1,0,0,0
1927,0,1,0,0,0,0
1927,1,0,0,0,0,0
1927,0,0,1,0,0,0
1927,0,1,0,0,0,0
1927,0,1,0,0,0,0
1927,0,0,1,0,0,0
1927,0,1,0,0,0,0
1927,0,1,0,0,0,0
1927,0,0,0,1,0,0
1927,0,1,0,0,0,0
1927,0,1,0,0,0,0
1927,0,1,0,0,0,0
1927,0,0,0,0,1,0
1927,0,1,0,0,0,0
1927,0,0,0,0,1,0
1927,0,1,0,0,0,0
1927,0,1,0,0,0,0
1927,0,1,0,0,0,0
1928,0,0,1,0,0,0
1928,0,1,0,0,0,0
1928,0,0,0,0,1,0
1928,0,0,0,0,1,0
1928,0,0,1,0,0,0
1928,1,0,0,0,0,0
1928,0,0,0,1,0,0
1928,0,0,0,1,0,0
1928,0,1,0,0,0,0
1928,0,0,0,1,0,0
1928,0,0,1,0,0,0
1928,0,0,0,1,0,1
1928,0,0,0,1,0,0
1928,0,1,0,0,0,0
1928,0,0,0,1,0,0
1928,0,1,0,0,0,0
1928,0,0,0,1,0,0
1928,0,0,0,0,1,0
1928,0,0,0,0,1,0
1928,0,0,0,0,1,0
1928,0,0,1,0,0,0
1928,0,0,0,1,0,0
1928,0,0,1,0,0,0
1929,0,0,0,1,0,0
1929,0,1,0,0,0,0
1929,0,1,0,0,0,0
1929,0,0,0,0,1,0
1929,0,1,0,0,0,0
1929,1,0,0,0,0,0
1929,0,1,0,0,0,0
1929,0,1,0,0,0,0
1929,0,1,0,0,0,0
1929,0,0,1,0,0,0
1929,0,1,0,0,0,0
1929,0,1,0,0,0,0
1929,0,1,0,0,0,0
1929,0,0,0,1,0,0
1929,0,1,0,0,0,0
1929,0,1,0,0,0,0
1929,0,0,0,1,0,0
1929,0,1,0,0,0,0
1929,0,1,0,0,0,0
1929,0,0,1,0,0,0
1929,0,1,0,0,0,0
1929,0,1,0,0,0,0
1929,0,0,1,0,0,0
1930,0,0,0,1,0,0
1930,0,0,0,1,0,0
1930,0,0,1,0,0,0
1930,0,0,0,1,0,0
1930,0,0,0,1,0,0
1930,1,0,0,0,0,0
1930,0,0,0,1,0,0
1930,0,1,0,0,0,0
1930,0,0,1,0,0,0
1930,0,0,0,1,0,0
1930,0,1,0,0,0,0
1930,0,0,0,1,0,0
1930,0,0,0,1,0,0
1930,0,1,0,0,0,0
1930,0,0,0,1,0,0
1930,0,1,0,0,0,0
1930,0,0,0,1,0,0
1930,0,0,0,1,0,0
1930,0,0,1,0,0,0
1930,0,0,0,0,1,0
1930,0,1,0,0,0,0
1930,0,1,0,0,0,0
1930,0,0,0,1,0,0
1931,0,0,0,1,0,0
1931,0,1,0,0,0,0
1931,0,0,1,0,0,0
1931,0,0,1,0,0,0
1931,0,0,1,0,0,0
1931,1,0,0,0,0,0
1931,0,0,1,0,0,0
1931,0,1,0,0,0,0
1931,0,0,1,0,0,0
1931,0,1,0,0,0,0
1931,0,0,1,0,0,0
1931,0,1,0,0,0,0
1931,0,0,0,1,0,0
1931,0,1,0,0,0,0
1931,0,0,1,0,0,0
1931,0,1,0,0,0,0
1931,0,0,0,1,0,0
1931,0,1,0,0,0,0
1931,0,0,0,1,0,0
1931,0,1,0,0,0,0
1931,0,0,1,0,0,0
1931,0,1,0,0,0,0
1931,0,1,0,0,0,0
1934,0,1,0,0,0,0
1934,0,0,1,0,0,0
1934,0,1,0,0,0,0
1934,0,0,0,0,1,0
1934,0,0,0,1,0,0
1934,1,0,0,0,0,0
1934,0,1,0,0,0,0
1934,0,0,0,1,0,0
1934,0,1,0,0,0,0
1934,0,1,0,0,0,0
1934,0,0,1,0,0,0
1934,0,0,0,1,0,0
1934,0,1,0,0,0,0
1934,0,0,0,1,0,0
1934,0,1,0,0,0,0
1934,0,1,0,0,0,0
1934,0,0,0,1,0,0
1934,0,1,0,0,0,0
1934,0,0,0,1,0,0
1934,0,0,1,0,0,0
1934,0,1,0,0,0,0
1934,0,0,0,1,0,0
1934,0,1,0,0,0,0
1935,0,1,0,0,0,0
1935,0,0,1,0,0,0
1935,0,1,0,0,0,0
1935,0,0,1,0,0,0
1935,0,1,0,0,0,0
1935,1,0,0,0,0,0
1935,0,1,0,0,0,0
1935,0,0,1,0,0,0
1935,0,0,1,0,0,0
1935,0,1,0,0,0,0
1935,0,0,0,1,0,0
1935,0,0,1,0,0,0
1935,0,1,0,0,0,0
1935,0,0,0,1,0,0
1935,0,0,1,0,0,0
1935,0,0,0,1,0,0
1935,0,1,0,0,0,0
1935,0,0,0,0,1,1
1935,0,0,0,1,0,0
1935,0,0,0,1,0,0
1935,0,1,0,0,0,0
1935,0,0,1,0,0,0
1935,0,1,0,0,0,0
1936,0,1,0,0,0,0
1936,0,1,0,0,0,0
1936,0,0,0,0,1,0
1936,0,1,0,0,0,0
1936,0,0,1,0,0,0
1936,1,0,0,0,0,0
1936,0,0,0,1,0,0
1936,0,0,1,0,0,0
1936,0,0,1,0,0,0
1936,0,1,0,0,0,0
1936,0,0,0,1,0,0
1936,0,0,0,1,0,0
1936,0,1,0,0,0,0
1936,0,0,1,0,0,0
1936,0,0,0,1,0,0
1936,0,1,0,0,0,0
1936,0,0,0,1,0,0
1936,0,1,0,0,0,0
1936,0,0,0,0,1,0
1936,0,0,1,0,0,0
1936,0,1,0,0,0,0
1936,0,1,0,0,0,0
1936,0,0,0,1,0,0
1938,0,0,0,1,0,0
1938,0,1,0,0,0,0
1938,0,0,0,0,1,0
1938,0,0,0,1,0,0
1938,0,0,1,0,0,0
1938,1,0,0,0,0,0
1938,0,1,0,0,0,0
1938,0,0,0,1,0,0
1938,0,1,0,0,0,0
1938,0,0,0,1,0,0
1938,0,1,0,0,0,0
1938,0,0,0,1,0,0
1938,0,1,0,0,0,0
1938,0,1,0,0,0,0
1938,0,0,0,1,0,0
1938,0,1,0,0,0,0
1938,0,0,0,1,0,0
1938,0,0,0,1,0,0
1938,0,0,0,0,1,0
1938,0,0,0,1,0,0
1938,0,0,0,1,0,0
1938,0,0,0,1,0,0
1938,0,1,0,0,0,0
1939,0,0,0,0,1,0
1939,0,0,1,0,0,0
1939,0,0,0,1,0,0
1939,0,0,0,0,1,0
1939,0,0,0,1,0,0
1939,1,0,0,0,0,0
1939,0,0,0,1,0,0
1939,0,0,0,1,0,0
1939,0,0,1,0,0,0
1939,0,0,0,1,0,0
1939,0,0,0,1,0,0
1939,0,0,0,1,0,0
1939,0,0,1,0,0,0
1939,0,0,0,1,0,0
1939,0,0,0,1,0,0
1939,0,0,0,1,0,0
1939,0,0,0,1,0,0
1939,0,0,0,0,1,1
1939,0,0,0,0,1,0
1939,0,0,0,1,0,0
1939,0,0,1,0,0,0
1939,0,0,0,1,0,0
1939,0,0,0,1,0,0
1941,0,1,0,0,0,0
1941,0,1,0,0,0,0
1941,0,0,0,1,0,0
1941,0,1,0,0,0,0
1941,0,1,0,0,0,0
1941,1,0,0,0,0,0
1941,0,0,1,0,0,0
1941,0,1,0,0,0,0
1941,0,1,0,0,0,0
1941,0,0,1,0,0,0
1941,0,0,1,0,0,0
1941,0,1,0,0,0,0
1941,0,1,0,0,0,0
1941,0,1,0,0,0,0
1941,0,0,1,0,0,0
1941,0,1,0,0,0,0
1941,0,1,0,0,0,0
1941,0,0,0,0,1,0
1941,0,1,0,0,0,0
1941,0,0,1,0,0,0
1941,0,1,0,0,0,0
1941,0,1,0,0,0,0
1941,0,0,1,0,0,0
1942,0,0,0,1,0,0
1942,0,1,0,0,0,0
1942,0,0,0,0,1,0
1942,0,1,0,0,0,0
1942,0,0,0,1,0,0
1942,1,0,0,0,0,0
1942,0,0,0,1,0,0
1942,0,1,0,0,0,0
1942,0,0,1,0,0,0
1942,0,1,0,0,0,0
1942,0,0,0,1,0,0
1942,0,1,0,0,0,0
1942,0,1,0,0,0,0
1942,0,1,0,0,0,0
1942,0,1,0,0,0,0
1942,0,1,0,0,0,0
1942,0,1,0,0,0,0
1942,0,0,0,0,1,0
1942,0,1,0,0,0,0
1942,0,0,1,0,0,0
1942,0,0,0,0,1,0
1942,0,1,0,0,0,0
1942,0,0,1,0,0,0
1943,0,0,0,1,0,0
1943,0,0,1,0,0,0
1943,0,0,0,0,1,0
1943,0,0,0,0,1,0
1943,0,0,0,1,0,0
1943,1,0,0,0,0,0
1943,0,0,0,1,0,0
1943,0,0,1,0,0,0
1943,0,1,0,0,0,0
1943,0,0,0,1,0,0
1943,0,0,0,1,0,0
1943,0,1,0,0,0,0
1943,0,0,1,0,0,0
1943,0,0,0,1,0,0
1943,0,0,0,1,0,0
1943,0,0,0,1,0,0
1943,0,0,0,1,0,0
1943,0,0,0,0,1,0
1943,0,0,0,1,0,0
1943,0,0,0,1,0,0
1943,0,0,0,1,0,0
1943,0,0,1,0,0,0
1943,0,1,0,0,0,0
1945,0,1,0,0,0,0
1945,0,0,1,0,0,0
1945,0,0,0,1,0,0
1945,0,0,0,0,1,0
1945,0,0,0,1,0,0
1945,1,0,0,0,0,0
1945,0,0,0,1,0,0
1945,0,0,1,0,0,0
1945,0,1,0,0,0,0
1945,0,0,0,1,0,0
1945,0,0,0,1,0,0
1945,0,0,0,1,0,0
1945,0,0,1,0,0,0
1945,0,0,0,1,0,0
1945,0,0,1,0,0,0
1945,0,0,1,0,0,0
1945,0,0,0,1,0,0
1945,0,0,0,0,1,1
1945,0,0,0,0,1,0
1945,0,0,0,1,0,0
1945,0,0,1,0,0,0
1945,0,0,0,1,0,0
1945,0,0,1,0,0,0
1947,0,0,0,1,0,0
1947,0,1,0,0,0,0
1947,0,0,0,0,1,0
1947,0,0,0,1,0,0
1947,0,0,0,1,0,0
1947,1,0,0,0,0,0
1947,0,0,0,1,0,0
1947,0,0,1,0,0,0
1947,0,0,1,0,0,0
1947,0,0,0,1,0,1
1947,0,1,0,0,0,0
1947,0,0,0,1,0,1
1947,0,0,1,0,0,0
1947,0,0,0,1,0,0
1947,0,0,0,1,0,0
1947,0,0,0,1,0,0
1947,0,1,0,0,0,0
1947,0,0,0,0,1,1
1947,0,0,0,1,0,0
1947,0,0,1,0,0,0
1947,0,0,1,0,0,0
1947,0,0,0,1,0,0
1947,0,1,0,0,0,0
1948,0,1,0,0,0,0
1948,0,1,0,0,0,0
1948,0,0,0,0,1,0
1948,0,1,0,0,0,0
1948,0,1,0,0,0,0
1948,1,0,0,0,0,0
1948,0,1,0,0,0,0
1948,0,1,0,0,0,0
1948,0,1,0,0,0,0
1948,0,1,0,0,0,0
1948,0,1,0,0,0,0
1948,0,0,0,1,0,0
1948,0,1,0,0,0,0
1948,0,0,0,1,0,0
1948,0,1,0,0,0,0
1948,0,1,0,0,0,0
1948,0,0,0,0,1,0
1948,0,1,0,0,0,0
1948,0,0,1,0,0,0
1948,0,1,0,0,0,0
1948,0,1,0,0,0,0
1949,0,1,0,0,0,0
1949,0,0,0,1,0,0
1949,0,0,0,0,1,0
1949,0,0,1,0,0,0
1949,0,0,0,1,0,0
1949,1,0,0,0,0,0
1949,0,0,0,1,0,0
1949,0,0,1,0,0,0
1949,0,0,1,0,0,0
1949,0,0,0,1,0,0
1949,0,0,1,0,0,0
1949,0,0,0,1,0,0
1949,0,0,1,0,0,0
1949,0,0,0,1,0,0
1949,0,0,0,1,0,0
1949,0,0,0,1,0,0
1949,0,1,0,0,0,0
1949,0,0,1,0,0,0
1949,0,1,0,0,0,0
1949,0,0,1,0,0,0
1949,0,0,0,1,0,0
1949,0,0,0,1,0,0
1950,0,1,0,0,0,0
1950,0,1,0,0,0,0
1950,0,0,0,1,0,0
1950,0,1,0,0,0,0
1950,0,1,0,0,0,0
1950,1,0,0,0,0,0
1950,0,1,0,0,0,0
1950,0,0,1,0,0,0
1950,0,1,0,0,0,0
1950,0,0,1,0,0,0
1950,0,1,0,0,0,0
1950,0,1,0,0,0,0
1950,0,0,0,1,0,0
1950,0,1,0,0,0,0
1950,0,0,0,1,0,0
1950,0,0,0,0,1,1
1950,0,1,0,0,0,0
1950,0,1,0,0,0,0
1950,0,0,1,0,0,0
1950,0,1,0,0,0,0
1950,0,1,0,0,0,0
1951,0,1,0,0,0,0
1951,0,0,0,1,0,0
1951,0,0,1,0,0,0
1951,0,0,0,0,1,0
1951,0,0,0,1,0,0
1951,1,0,0,0,0,0
1951,0,0,0,1,0,0
1951,0,1,0,0,0,0
1951,0,0,0,1,0,0
1951,0,1,0,0,0,0
1951,0,0,1,0,0,0
1951,0,1,0,0,0,0
1951,0,0,1,0,0,0
1951,0,0,0,1,0,0
1951,0,0,1,0,0,0
1951,0,0,0,1,0,0
1951,0,1,0,0,0,0
1951,0,0,0,0,1,1
1951,0,0,0,0,1,0
1951,0,0,1,0,0,0
1951,0,0,1,0,0,0
1951,0,0,0,1,0,0
1951,0,1,0,0,0,0
1952,0,0,1,0,0,0
1952,0,1,0,0,0,0
1952,0,0,0,0,1,0
1952,0,0,0,1,0,0
1952,0,1,0,0,0,0
1952,1,0,0,0,0,0
1952,0,0,1,0,0,0
1952,0,1,0,0,0,0
1952,0,1,0,0,0,0
1952,0,1,0,0,0,0
1952,0,0,1,0,0,0
1952,0,1,0,0,0,0
1952,0,1,0,0,0,0
1952,0,1,0,0,0,0
1952,0,0,0,1,0,0
1952,0,0,1,0,0,0
1952,0,0,0,0,1,0
1952,0,1,0,0,0,0
1952,0,1,0,0,0,0
1952,0,1,0,0,0,0
1954,0,0,1,0,0,0
1954,0,1,0,0,0,0
1954,0,0,0,1,0,0
1954,0,0,1,0,0,0
1954,0,0,1,0,0,0
1954,1,0,0,0,0,0
1954,0,1,0,0,0,0
1954,0,0,1,0,0,0
1954,0,1,0,0,0,0
1954,0,0,0,1,0,0
1954,0,1,0,0,0,0
1954,0,1,0,0,0,0
1954,0,0,0,1,0,0
1954,0,1,0,0,0,0
1954,0,0,1,0,0,0
1954,0,1,0,0,0,0
1954,0,1,0,0,0,0
1954,0,0,0,0,1,1
1954,0,0,0,1,0,0
1954,0,1,0,0,0,0
1954,0,0,1,0,0,0
1954,0,0,1,0,0,0
1954,0,1,0,0,0,0
1955,0,0,0,1,0,0
1955,0,1,0,0,0,0
1955,0,0,1,0,0,0
1955,0,0,0,1,0,0
1955,0,0,0,1,0,0
1955,1,0,0,0,0,0
1955,0,1,0,0,0,0
1955,0,0,0,1,0,0
1955,0,0,1,0,0,0
1955,0,1,0,0,0,0
1955,0,0,0,1,0,0
1955,0,1,0,0,0,0
1955,0,0,0,1,0,0
1955,0,1,0,0,0,0
1955,0,0,0,1,0,0
1955,0,1,0,0,0,0
1955,0,1,0,0,0,0
1955,0,0,0,0,1,1
1955,0,0,0,1,0,0
1955,0,1,0,0,0,0
1955,0,1,0,0,0,0
1955,0,0,1,0,0,0
1955,0,1,0,0,0,0
1957,0,0,0,1,0,0
1957,0,0,0,0,1,0
1957,0,0,1,0,0,0
1957,0,0,0,0,1,0
1957,0,0,0,1,0,0
1957,0,0,0,1,0,0
1957,0,1,0,0,0,0
1957,0,0,0,1,0,0
1957,0,0,0,1,0,0
1957,0,0,0,1,0,0
1957,0,1,0,0,0,0
1957,0,0,0,1,0,0
1957,0,0,1,0,0,0
1957,0,1,0,0,0,0
1957,0,0,0,1,0,0
1957,0,1,0,0,0,0
1957,0,0,0,1,0,0
1957,0,0,0,0,1,0
1957,0,0,1,0,0,0
1957,0,0,0,1,0,0
1957,1,0,0,0,0,0
1957,0,0,1,0,0,0
1958,0,0,1,0,0,0
1958,0,0,1,0,0,0
1958,0,0,1,0,0,0
1958,0,0,0,1,0,0
1958,0,0,1,0,0,0
1958,0,1,0,0,0,0
1958,0,0,0,1,0,0
1958,0,1,0,0,0,0
1958,0,0,0,1,0,0
1958,0,1,0,0,0,0
1958,0,1,0,0,0,0
1958,0,0,0,1,0,0
1958,0,0,0,1,0,0
1958,0,1,0,0,0,0
1958,0,1,0,0,0,0
1958,0,0,0,1,0,0
1958,0,1,0,0,0,0
1958,0,0,0,0,1,0
1958,0,0,1,0,0,0
1958,0,1,0,0,0,0
1958,1,0,0,0,0,0
1958,0,1,0,0,0,0
1959,0,0,0,1,0,0
1959,0,0,0,0,1,0
1959,0,0,1,0,0,0
1959,0,0,0,0,1,0
1959,0,0,0,1,0,0
1959,0,0,0,1,0,0
1959,0,1,0,0,0,0
1959,0,0,1,0,0,0
1959,0,1,0,0,0,0
1959,0,0,1,0,0,0
1959,0,1,0,0,0,0
1959,0,0,0,1,0,0
1959,0,1,0,0,0,0
1959,0,0,0,1,0,0
1959,0,0,1,0,0,0
1959,0,0,0,1,0,0
1959,0,0,1,0,0,0
1959,0,0,0,1,0,0
1959,0,0,0,1,0,0
1959,0,0,0,1,0,0
1959,1,0,0,0,0,0
1959,0,0,1,0,0,0
1960,0,0,0,1,0,0
1960,0,0,1,0,0,0
1960,0,0,1,0,0,0
1960,0,0,1,0,0,0
1960,0,0,1,0,0,0
1960,0,0,1,0,0,0
1960,0,1,0,0,0,0
1960,0,0,1,0,0,0
1960,0,0,1,0,0,0
1960,0,0,0,1,0,0
1960,0,1,0,0,0,0
1960,0,0,0,1,0,0
1960,0,0,1,0,0,0
1960,0,0,0,1,0,0
1960,0,0,0,1,0,0
1960,0,0,0,1,0,1
1960,0,1,0,0,0,0
1960,0,0,0,0,1,0
1960,0,0,1,0,0,0
1960,0,0,0,0,1,0
1960,1,0,0,0,0,0
1960,0,1,0,0,0,0
1961,0,0,0,1,0,0
1961,0,0,0,0,1,0
1961,0,0,1,0,0,0
1961,0,0,0,0,1,0
1961,0,0,0,1,0,0
1961,0,0,0,1,0,1
1961,0,0,0,1,0,0
1961,0,0,0,1,0,0
1961,0,0,0,1,0,0
1961,0,1,0,0,0,0
1961,0,1,0,0,0,0
1961,0,0,0,1,0,0
1961,0,0,0,0,1,1
1961,0,0,0,1,0,0
1961,0,0,0,1,0,0
1961,0,1,0,0,0,0
1961,0,0,0,1,0,0
1961,0,0,0,0,1,0
1961,0,0,0,0,1,0
1961,0,1,0,0,0,0
1961,1,0,0,0,0,0
1961,0,0,1,0,0,0
1962,0,0,0,1,0,0
1962,0,1,0,0,0,0
1962,0,1,0,0,0,0
1962,0,0,0,1,0,0
1962,0,1,0,0,0,0
1962,0,1,0,0,0,0
1962,0,0,1,0,0,0
1962,0,1,0,0,0,0
1962,0,1,0,0,0,0
1962,0,0,0,1,0,0
1962,0,0,1,0,0,0
1962,0,1,0,0,0,0
1962,0,0,1,0,0,0
1962,0,1,0,0,0,0
1962,0,0,1,0,0,0
1962,0,1,0,0,0,0
1962,0,0,0,1,0,0
1962,0,0,0,1,0,0
1962,0,0,1,0,0,0
1962,0,0,1,0,0,0
1962,1,0,0,0,0,1
1962,0,1,0,0,0,0
1963,0,0,1,0,0,0
1963,0,1,0,0,0,0
1963,0,1,0,0,0,0
1963,0,0,0,1,0,0
1963,0,1,0,0,0,0
1963,0,0,1,0,0,0
1963,0,1,0,0,0,0
1963,0,0,1,0,0,1
1963,0,1,0,0,0,0
1963,0,1,0,0,0,0
1963,0,1,0,0,0,0
1963,0,1,0,0,0,0
1963,0,0,1,0,0,0
1963,0,1,0,0,0,0
1963,0,1,0,0,0,0
1963,0,0,1,0,0,0
1963,0,1,0,0,0,0
1963,0,0,0,0,1,0
1963,0,1,0,0,0,0
1963,0,1,0,0,0,0
1963,1,0,0,0,0,0
1963,0,1,0,0,0,0
1965,0,0,0,1,0,0
1965,0,0,0,1,0,0
1965,0,0,0,1,0,0
1965,0,0,0,1,0,0
1965,0,0,0,1,0,0
1965,0,0,0,1,0,0
1965,0,0,0,1,0,0
1965,0,0,0,1,0,0
1965,0,0,1,0,0,0
1965,0,0,0,1,0,0
1965,0,1,0,0,0,0
1965,0,0,0,1,0,1
1965,0,0,0,1,0,0
1965,0,1,0,0,0,0
1965,0,0,0,1,0,0
1965,0,0,0,1,0,0
1965,0,0,0,1,0,0
1965,0,1,0,0,0,0
1965,0,0,1,0,0,0
1965,0,0,0,1,0,0
1965,1,0,0,0,0,0
1965,0,1,0,0,0,0
1966,0,0,1,0,0,0
1966,0,1,0,0,0,0
1966,0,0,0,1,0,0
1966,0,1,0,0,0,0
1966,0,0,1,0,0,0
1966,0,1,0,0,0,0
1966,0,1,0,0,0,0
1966,0,0,0,1,0,0
1966,0,1,0,0,0,0
1966,0,0,1,0,0,0
1966,0,1,0,0,0,0
1966,0,0,1,0,0,0
1966,0,0,1,0,0,0
1966,0,1,0,0,0,0
1966,0,1,0,0,0,0
1966,0,1,0,0,0,0
1966,0,0,1,0,0,0
1966,0,1,0,0,0,0
1966,0,0,0,1,0,0
1966,0,1,0,0,0,0
1966,1,0,0,0,0,0
1966,0,0,1,0,0,0
1967,0,0,1,0,0,0
1967,0,1,0,0,0,0
1967,0,0,1,0,0,0
1967,0,0,0,1,0,0
1967,0,0,0,1,0,0
1967,0,1,0,0,0,0
1967,0,0,1,0,0,0
1967,0,0,1,0,0,1
1967,0,1,0,0,0,0
1967,0,1,0,0,0,0
1967,0,1,0,0,0,0
1967,0,0,1,0,0,0
1967,0,0,1,0,0,1
1967,0,0,1,0,0,0
1967,0,0,0,1,0,0
1967,0,0,1,0,0,0
1967,0,1,0,0,0,0
1967,0,0,0,0,1,0
1967,0,1,0,0,0,0
1967,0,0,0,1,0,0
1967,1,0,0,0,0,0
1967,0,1,0,0,0,0
1968,0,0,0,0,1,1
1968,0,1,0,0,0,0
1968,0,0,0,1,0,0
1968,0,0,1,0,0,0
1968,0,0,0,1,0,0
1968,0,0,0,1,0,0
1968,0,1,0,0,0,0
1968,0,0,0,1,0,0
1968,0,1,0,0,0,0
1968,0,0,0,1,0,1
1968,0,1,0,0,0,0
1968,0,0,0,1,0,0
1968,0,1,0,0,0,0
1968,0,0,0,1,0,1
1968,0,0,1,0,0,0
1968,0,0,0,0,1,1
1968,0,0,1,0,0,0
1968,0,0,1,0,0,0
1968,0,0,0,1,0,0
1968,0,1,0,0,0,0
1968,1,0,0,0,0,0
1968,0,1,0,0,0,0
1969,0,0,0,1,0,0
1969,0,0,1,0,0,0
1969,0,1,0,0,0,0
1969,0,0,0,0,1,0
1969,0,1,0,0,0,0
1969,0,1,0,0,0,0
1969,0,0,0,1,0,0
1969,0,1,0,0,0,0
1969,0,1,0,0,0,0
1969,0,1,0,0,0,0
1969,0,0,1,0,0,0
1969,0,1,0,0,0,0
1969,0,1,0,0,0,0
1969,0,1,0,0,0,0
1969,0,0,0,1,0,0
1969,0,1,0,0,0,0
1969,0,1,0,0,0,0
1969,0,0,0,0,1,0
1969,0,0,0,1,0,0
1969,0,0,0,1,0,0
1969,1,0,0,0,0,0
1969,0,1,0,0,0,0
1970,0,0,1,0,0,0
1970,0,1,0,0,0,0
1970,0,0,0,1,0,0
1970,0,0,1,0,0,0
1970,0,0,0,1,0,0
1970,0,0,1,0,0,0
1970,0,1,0,0,0,0
1970,0,0,1,0,0,0
1970,0,1,0,0,0,0
1970,0,0,0,1,0,0
1970,0,1,0,0,0,0
1970,0,1,0,0,0,0
1970,0,0,1,0,0,0
1970,0,1,0,0,0,0
1970,0,0,0,1,0,0
1970,0,1,0,0,0,0
1970,0,0,0,1,0,0
1970,0,0,0,0,1,0
1970,0,0,1,0,0,0
1970,0,0,0,1,0,0
1970,1,0,0,0,0,0
1970,0,0,1,0,0,0
1971,0,1,0,0,0,0
1971,0,0,1,0,0,0
1971,0,0,1,0,0,0
1971,0,1,0,0,0,0
1971,0,0,1,0,0,0
1971,0,0,1,0,0,0
1971,0,0,1,0,0,0
1971,0,0,1,0,0,0
1971,0,1,0,0,0,0
1971,0,1,0,0,0,0
1971,0,0,0,1,0,0
1971,0,1,0,0,0,0
1971,0,0,1,0,0,0
1971,0,1,0,0,0,0
1971,0,0,0,1,0,0
1971,0,1,0,0,0,0
1971,0,0,0,1,0,0
1971,0,0,0,1,0,0
1971,0,0,0,1,0,0
1971,0,1,0,0,0,0
1971,1,0,0,0,0,0
1971,0,1,0,0,0,0
1972,0,0,1,0,0,0
1972,0,1,0,0,0,0
1972,0,0,1,0,0,0
1972,0,1,0,0,0,0
1972,0,0,0,1,0,0
1972,0,1,0,0,0,0
1972,0,1,0,0,0,1
1972,0,1,0,0,0,0
1972,0,0,1,0,0,0
1972,0,1,0,0,0,0
1972,0,1,0,0,0,0
1972,0,0,0,1,0,0
1972,0,1,0,0,0,0
1972,0,0,0,1,0,0
1972,0,1,0,0,0,0
1972,0,0,1,0,0,0
1972,0,1,0,0,0,0
1972,0,1,0,0,0,0
1972,1,0,0,0,0,0
1972,0,0,1,0,0,0
1974,0,1,0,0,0,0
1974,0,0,0,0,1,0
1974,0,1,0,0,0,0
1974,0,0,0,0,1,0
1974,0,1,0,0,0,0
1974,0,1,0,0,0,0
1974,0,1,0,0,0,0
1974,0,1,0,0,0,0
1974,0,0,1,0,0,0
1974,0,0,0,1,0,0
1974,0,1,0,0,0,0
1974,0,1,0,0,0,0
1974,0,0,0,1,0,0
1974,0,1,0,0,0,0
1974,0,0,1,0,0,0
1974,0,1,0,0,0,0
1974,0,0,0,1,0,0
1974,0,0,1,0,0,0
1974,0,0,0,1,0,0
1974,0,0,0,1,0,0
1974,1,0,0,0,0,0
1974,0,1,0,0,0,0
1975,0,0,1,0,0,0
1975,0,1,0,0,0,0
1975,0,1,0,0,0,0
1975,0,0,0,0,1,0
1975,0,1,0,0,0,0
1975,0,0,1,0,0,0
1975,0,1,0,0,0,0
1975,0,0,1,0,0,0
1975,0,1,0,0,0,0
1975,0,0,0,1,0,0
1975,0,0,0,1,0,0
1975,0,0,1,0,0,0
1975,0,1,0,0,0,0
1975,0,0,0,1,0,0
1975,0,1,0,0,0,0
1975,0,0,1,0,0,0
1975,0,0,1,0,0,0
1975,0,0,0,1,0,0
1975,0,0,0,0,1,0
1975,0,1,0,0,0,0
1975,1,0,0,0,0,0
1975,0,1,0,0,0,0
1976,0,1,0,0,0,0
1976,0,0,0,1,0,0
1976,0,1,0,0,0,0
1976,0,0,0,1,0,0
1976,0,1,0,0,0,0
1976,0,0,1,0,0,0
1976,0,0,1,0,0,0
1976,0,1,0,0,0,0
1976,0,0,0,1,0,0
1976,0,1,0,0,0,0
1976,0,1,0,0,0,0
1976,0,1,0,0,0,0
1976,0,0,1,0,0,0
1976,0,1,0,0,0,0
1976,0,0,0,1,0,0
1976,0,0,0,1,0,0
1976,0,1,0,0,0,0
1976,0,0,0,0,1,0
1976,0,0,1,0,0,0
1976,0,0,1,0,0,0
1976,1,0,0,0,0,0
1976,0,1,0,0,0,0
1977,0,1,0,0,0,0
1977,0,0,0,1,0,0
1977,0,0,0,1,0,0
1977,0,0,1,0,0,0
1977,0,0,0,0,1,0
1977,0,0,1,0,0,0
1977,0,1,0,0,0,0
1977,0,0,1,0,0,0
1977,0,1,0,0,0,0
1977,0,0,0,1,0,0
1977,0,0,1,0,0,0
1977,0,0,0,1,0,0
1977,0,0,0,1,0,0
1977,0,0,0,1,0,0
1977,0,1,0,0,0,0
1977,0,0,1,0,0,0
1977,0,0,0,1,0,0
1977,0,0,0,0,1,0
1977,0,0,0,0,1,0
1977,0,0,0,1,0,0
1977,1,0,0,0,0,0
1977,0,0,1,0,0,0
1978,0,1,0,0,0,0
1978,0,1,0,0,0,0
1978,0,1,0,0,0,0
1978,0,0,1,0,0,0
1978,0,1,0,0,0,0
1978,0,1,0,0,0,0
1978,0,1,0,0,0,0
1978,0,0,1,0,0,0
1978,0,1,0,0,0,0
1978,0,1,0,0,0,0
1978,0,1,0,0,0,0
1978,0,1,0,0,0,0
1978,0,1,0,0,0,0
1978,0,0,1,0,0,0
1978,0,1,0,0,0,0
1978,0,0,0,1,0,0
1978,0,1,0,0,0,0
1978,0,1,0,0,0,0
1978,0,1,0,0,0,0
1978,1,0,0,0,0,0
1978,0,1,0,0,0,0
1979,0,0,1,0,0,0
1979,0,0,1,0,0,0
1979,0,0,1,0,0,0
1979,0,0,1,0,0,0
1979,0,1,0,0,0,0
1979,0,1,0,0,0,0
1979,0,1,0,0,0,0
1979,0,1,0,0,0,0
1979,0,0,1,0,0,0
1979,0,1,0,0,0,0
1979,0,1,0,0,0,0
1979,0,1,0,0,0,0
1979,0,1,0,0,0,0
1979,0,0,1,0,0,0
1979,0,0,0,1,0,0
1979,0,1,0,0,0,0
1979,0,0,0,0,1,0
1979,0,1,0,0,0,0
1979,0,1,0,0,0,0
1979,1,0,0,0,0,0
1979,0,1,0,0,0,0
1981,0,1,0,0,0,0
1981,0,0,0,1,0,0
1981,0,1,0,0,0,0
1981,0,0,0,0,1,0
1981,0,1,0,0,0,0
1981,0,0,0,1,0,0
1981,0,1,0,0,0,0
1981,0,0,1,0,0,0
1981,0,1,0,0,0,0
1981,0,0,0,1,0,0
1981,0,1,0,0,0,0
1981,0,1,0,0,0,0
1981,0,0,0,1,0,0
1981,0,1,0,0,0,0
1981,0,0,0,1,0,0
1981,0,1,0,0,0,0
1981,0,1,0,0,0,0
1981,0,0,0,0,1,0
1981,0,1,0,0,0,0
1981,0,0,0,1,0,0
1981,1,0,0,0,0,0
1981,0,1,0,0,0,0
1982,0,1,0,0,0,0
1982,0,0,0,0,1,1
1982,0,1,0,0,0,0
1982,0,0,0,1,0,0
1982,0,1,0,0,0,0
1982,0,0,1,0,0,0
1982,0,0,1,0,0,0
1982,0,0,1,0,0,0
1982,0,1,0,0,0,0
1982,0,1,0,0,0,0
1982,0,1,0,0,0,0
1982,0,0,1,0,0,0
1982,0,1,0,0,0,0
1982,0,0,1,0,0,0
1982,0,0,1,0,0,0
1982,0,1,0,0,0,1
1982,0,0,0,1,0,0
1982,0,0,0,1,0,0
1982,0,0,1,0,0,0
1982,0,0,0,1,0,0
1982,1,0,0,0,0,0
1982,0,1,0,0,0,0
1983,0,1,0,0,0,0
1983,0,0,0,0,1,0
1983,0,0,1,0,0,0
1983,0,0,1,0,0,0
1983,0,1,0,0,0,0
1983,0,0,1,0,0,0
1983,0,1,0,0,0,0
1983,0,1,0,0,0,0
1983,0,0,1,0,0,0
1983,0,1,0,0,0,0
1983,0,0,1,0,0,0
1983,0,0,0,1,0,0
1983,0,1,0,0,0,0
1983,0,1,0,0,0,0
1983,0,1,0,0,0,0
1983,0,0,0,1,0,0
1983,0,1,0,0,0,0
1983,0,0,0,1,0,0
1983,0,1,0,0,0,0
1983,0,1,0,0,0,0
1983,1,0,0,0,0,0
1983,0,0,1,0,0,0
1984,0,0,0,1,0,0
1984,0,0,0,1,0,0
1984,0,1,0,0,0,0
1984,0,0,0,0,1,0
1984,0,0,1,0,0,0
1984,0,0,0,1,0,0
1984,0,1,0,0,0,0
1984,0,0,0,1,0,0
1984,0,0,1,0,0,1
1984,0,0,0,1,0,0
1984,0,1,0,0,0,0
1984,0,1,0,0,0,0
1984,0,0,0,1,0,0
1984,0,1,0,0,0,0
1984,0,0,0,1,0,0
1984,0,1,0,0,0,1
1984,0,0,0,1,0,0
1984,0,0,0,0,1,0
1984,0,0,0,1,0,0
1984,0,0,0,1,0,0
1984,1,0,0,0,0,0
1984,0,0,1,0,0,0
1985,0,1,0,0,0,0
1985,0,1,0,0,0,0
1985,0,0,0,1,0,0
1985,0,0,1,0,0,0
1985,0,0,1,0,0,0
1985,1,0,0,0,0,0
1985,0,1,0,0,0,0
1985,0,0,0,1,0,0
1985,0,1,0,0,0,0
1985,0,1,0,0,0,0
1985,0,0,0,1,0,0
1985,0,1,0,0,0,0
1985,0,0,0,1,0,0
1985,0,1,0,0,0,0
1985,0,0,0,1,0,0
1985,0,1,0,0,0,0
1985,0,1,0,0,0,0
1985,0,0,0,0,1,1
1985,0,0,0,1,0,0
1985,0,0,1,0,0,0
1985,0,0,0,1,0,0
1985,0,0,0,1,0,0
1985,0,1,0,0,0,0
1986,0,0,0,1,0,0
1986,0,1,0,0,0,0
1986,0,1,0,0,0,0
1986,0,0,1,0,0,0
1986,0,0,1,0,0,0
1986,1,0,0,0,0,0
1986,0,1,0,0,0,0
1986,0,1,0,0,0,0
1986,0,1,0,0,0,0
1986,0,1,0,0,0,0
1986,0,1,0,0,0,0
1986,0,1,0,0,0,0
1986,0,0,0,1,0,0
1986,0,1,0,0,0,0
1986,0,1,0,0,0,0
1986,0,0,1,0,0,0
1986,0,0,0,1,0,0
1986,0,1,0,0,0,0
1986,0,1,0,0,0,0
1986,0,0,1,0,0,0
1986,0,1,0,0,0,0
1986,0,1,0,0,0,0
1986,0,0,1,0,0,0
1987,0,0,1,0,0,0
1987,0,1,0,0,0,0
1987,0,0,1,0,0,0
1987,0,0,0,0,1,0
1987,0,1,0,0,0,0
1987,1,0,0,0,0,0
1987,0,1,0,0,0,0
1987,0,1,0,0,0,0
1987,0,1,0,0,0,0
1987,0,0,0,1,0,0
1987,0,1,0,0,0,0
1987,0,1,0,0,0,0
1987,0,0,0,1,0,0
1987,0,0,0,1,0,0
1987,0,1,0,0,0,0
1987,0,0,0,1,0,0
1987,0,0,0,1,0,0
1987,0,1,0,0,0,0
1987,0,0,0,1,0,0
1987,0,1,0,0,0,0
1987,0,0,1,0,0,0
1987,0,0,1,0,0,0
1987,0,0,1,0,0,0
1988,0,0,1,0,0,0
1988,0,1,0,0,0,0
1988,0,0,0,1,0,0
1988,0,1,0,0,0,0
1988,0,0,1,0,0,0
1988,1,0,0,0,0,0
1988,0,0,1,0,0,0
1988,0,1,0,0,0,0
1988,0,0,1,0,0,0
1988,0,0,0,1,0,0
1988,0,0,0,1,0,0
1988,0,1,0,0,0,0
1988,0,0,0,1,0,0
1988,0,1,0,0,0,0
1988,0,0,0,1,0,0
1988,0,1,0,0,0,0
1988,0,1,0,0,0,0
1988,0,1,0,0,0,0
1988,0,0,0,1,0,0
1988,0,1,0,0,0,0
1988,0,0,0,1,0,0
1988,0,1,0,0,0,0
1988,0,0,1,0,0,0
1990,0,0,0,0,1,1
1990,0,0,1,0,0,0
1990,0,0,0,1,0,0
1990,0,0,0,0,1,0
1990,0,0,1,0,0,0
1990,1,0,0,0,0,0
1990,0,0,0,1,0,0
1990,0,0,1,0,0,0
1990,0,1,0,0,0,0
1990,0,0,0,1,0,0
1990,0,0,1,0,0,0
1990,0,0,0,1,0,0
1990,0,0,0,1,0,0
1990,0,0,0,1,0,0
1990,0,0,0,1,0,0
1990,0,0,0,1,0,0
1990,0,0,0,1,0,0
1990,0,0,0,0,1,1
1990,0,0,0,1,0,0
1990,0,0,0,1,0,0
1990,0,0,1,0,0,0
1990,0,0,0,1,0,0
1990,0,1,0,0,0,0
1991,0,1,0,0,0,0
1991,0,1,0,0,0,0
1991,0,0,1,0,0,0
1991,0,1,0,0,0,0
1991,0,0,1,0,0,0
1991,1,0,0,0,0,0
1991,0,1,0,0,0,0
1991,0,1,0,0,0,0
1991,0,0,1,0,0,0
1991,0,1,0,0,0,0
1991,0,0,1,0,0,0
1991,0,1,0,0,0,0
1991,0,1,0,0,0,0
1991,0,0,1,0,0,0
1991,0,1,0,0,0,0
1991,0,1,0,0,0,0
1991,0,0,0,1,0,0
1991,0,1,0,0,0,0
1991,0,0,1,0,0,0
1991,0,0,0,1,0,0
1991,0,1,0,0,0,0
1991,0,1,0,0,0,0
1991,0,0,0,1,0,0
1992,0,1,0,0,0,1
1992,0,0,1,0,0,0
1992,0,1,0,0,0,0
1992,0,0,1,0,0,0
1992,0,1,0,0,0,0
1992,1,0,0,0,0,0
1992,0,0,0,1,0,0
1992,0,0,1,0,0,1
1992,0,1,0,0,0,0
1992,0,0,0,1,0,0
1992,0,1,0,0,0,0
1992,0,1,0,0,0,0
1992,0,1,0,0,0,0
1992,0,0,1,0,0,0
1992,0,1,0,0,0,0
1992,0,0,0,1,0,0
1992,0,1,0,0,0,0
1992,0,1,0,0,0,1
1992,0,1,0,0,0,0
1992,0,0,1,0,0,0
1992,0,1,0,0,0,0
1992,0,0,1,0,0,0
1992,0,1,0,0,0,0
1994,0,1,0,0,0,0
1994,0,0,1,0,0,0
1994,0,1,0,0,0,0
1994,0,0,1,0,0,0
1994,0,1,0,0,0,0
1994,1,0,0,0,0,0
1994,0,1,0,0,0,0
1994,0,1,0,0,0,0
1994,0,1,0,0,0,0
1994,0,1,0,0,0,0
1994,0,0,1,0,0,0
1994,0,1,0,0,0,0
1994,0,0,0,1,0,0
1994,0,1,0,0,0,0
1994,0,0,0,1,0,0
1994,0,1,0,0,0,0
1994,0,0,1,0,0,0
1994,0,0,1,0,0,0
1994,0,1,0,0,0,0
1994,0,0,1,0,0,0
1994,0,1,0,0,0,0
1994,0,1,0,0,0,0
1996,0,0,1,0,0,0
1996,0,1,0,0,0,0
1996,0,0,0,0,1,0
1996,0,0,0,1,0,0
1996,0,0,0,1,0,0
1996,1,0,0,0,0,0
1996,0,0,0,1,0,0
1996,0,1,0,0,0,0
1996,0,0,0,1,0,0
1996,0,1,0,0,0,0
1996,0,0,0,1,0,0
1996,0,1,0,0,0,0
1996,0,0,0,1,0,0
1996,0,1,0,0,0,0
1996,0,1,0,0,0,0
1996,0,0,1,0,0,0
1996,0,1,0,0,0,0
1996,0,0,0,0,1,1
1996,0,0,0,1,0,0
1996,0,0,0,1,0,0
1996,0,0,1,0,0,0
1996,0,0,0,1,0,0
1996,0,1,0,0,0,0
1997,0,0,1,0,0,0
1997,0,1,0,0,0,0
1997,0,0,0,1,0,0
1997,0,0,1,0,0,0
1997,0,1,0,0,0,0
1997,1,0,0,0,0,0
1997,0,1,0,0,0,0
1997,0,0,0,1,0,0
1997,0,1,0,0,0,0
1997,0,0,0,1,0,0
1997,0,1,0,0,0,0
1997,0,0,0,1,0,0
1997,0,1,0,0,0,0
1997,0,0,0,1,0,0
1997,0,1,0,0,0,0
1997,0,0,0,1,0,0
1997,0,1,0,0,0,0
1997,0,0,0,0,1,0
1997,0,0,0,1,0,0
1997,0,0,1,0,0,0
1997,0,0,1,0,0,0
1997,0,1,0,0,0,0
1997,0,0,0,1,0,0
1998,0,1,0,0,0,0
1998,0,1,0,0,0,0
1998,0,0,0,1,0,0
1998,0,1,0,0,0,0
1998,0,1,0,0,0,0
1998,1,0,0,0,0,0
1998,0,0,0,1,0,0
1998,0,0,0,1,0,0
1998,0,1,0,0,0,0
1998,0,1,0,0,0,0
1998,0,0,1,0,0,0
1998,0,1,0,0,0,0
1998,0,1,0,0,0,0
1998,0,0,0,1,0,0
1998,0,1,0,0,0,0
1998,0,1,0,0,0,0
1998,0,0,0,1,0,0
1998,0,1,0,0,0,0
1998,0,0,0,1,0,0
1998,0,0,1,0,0,0
1998,0,1,0,0,0,0
1998,0,1,0,0,0,0
1998,0,0,0,1,0,0
1999,0,0,0,1,0,0
1999,0,0,1,0,0,0
1999,0,0,0,1,0,0
1999,0,0,0,1,0,0
1999,0,0,0,1,0,0
1999,1,0,0,0,0,0
1999,0,0,0,1,0,0
1999,0,0,1,0,0,0
1999,0,0,1,0,0,0
1999,0,0,0,1,0,0
1999,0,1,0,0,0,0
1999,0,0,0,1,0,0
1999,0,1,0,0,0,0
1999,0,0,0,1,0,0
1999,0,0,0,1,0,0
1999,0,1,0,0,0,0
1999,0,0,0,1,0,0
1999,0,1,0,0,0,1
1999,0,0,0,0,1,0
1999,0,0,0,0,1,0
1999,0,0,0,0,1,0
1999,0,1,0,0,0,0
1999,0,0,0,1,0,0
2000,0,1,0,0,0,0
2000,0,0,1,0,0,0
2000,0,1,0,0,0,0
2000,0,0,0,0,1,0
2000,0,1,0,0,0,0
2000,1,0,0,0,0,0
2000,0,0,1,0,0,0
2000,0,1,0,0,0,0
2000,0,0,1,0,0,0
2000,0,0,0,1,0,0
2000,0,0,0,1,0,0
2000,0,0,1,0,0,1
2000,0,1,0,0,0,0
2000,0,0,1,0,0,0
2000,0,1,0,0,0,0
2000,0,1,0,0,0,0
2000,0,0,0,1,0,0
2000,0,0,0,0,1,0
2000,0,0,0,1,0,0
2000,0,0,1,0,0,0
2000,0,0,0,1,0,0
2000,0,1,0,0,0,0
2000,0,0,1,0,0,0
2001,0,1,0,0,0,0
2001,0,0,0,1,0,0
2001,0,1,0,0,0,0
2001,0,0,0,1,0,0
2001,0,0,0,1,0,0
2001,1,0,0,0,0,0
2001,0,0,0,1,0,0
2001,0,1,0,0,0,0
2001,0,0,1,0,0,0
2001,0,1,0,0,0,0
2001,0,0,0,1,0,0
2001,0,0,1,0,0,1
2001,0,0,0,1,0,0
2001,0,1,0,0,0,0
2001,0,0,0,1,0,0
2001,0,1,0,0,0,0
2001,0,0,0,1,0,0
2001,0,1,0,0,0,0
2001,0,0,0,1,0,0
2001,0,0,1,0,0,0
2001,0,1,0,0,0,0
2001,0,0,0,1,0,0
2001,0,1,0,0,0,0
2002,0,0,1,0,0,0
2002,0,0,1,0,0,0
2002,0,0,1,0,0,0
2002,0,0,0,0,1,0
2002,0,1,0,0,0,0
2002,0,1,0,0,0,0
2002,0,1,0,0,0,0
2002,0,1,0,0,0,0
2002,0,0,1,0,0,0
2002,0,0,0,1,0,0
2002,0,1,0,0,0,0
2002,0,0,1,0,0,0
2002,0,0,0,1,0,0
2002,0,1,0,0,0,0
2002,0,0,1,0,0,0
2002,0,1,0,0,0,0
2002,0,0,0,1,0,0
2002,0,1,0,0,0,0
2002,0,0,1,0,0,0
2002,0,0,0,1,0,0
2002,1,0,0,0,0,0
2002,0,1,0,0,0,0
